{"accuracy": [0.20045241713523865, 0.6020532250404358, 0.7419523000717163, 0.7991995811462402, 0.8454846143722534, 0.8555768132209778, 0.8745432496070862, 0.8959457278251648, 0.9044718742370605, 0.919958233833313, 0.9011658430099487, 0.9062119126319885, 0.9185662269592285, 0.9396206736564636, 0.924656331539154, 0.9378806352615356, 0.957891047000885, 0.9471028447151184, 0.9554550051689148, 0.9540629982948303, 0.9437967538833618, 0.9382286667823792, 0.9639812111854553, 0.9669392704963684, 0.9403166770935059, 0.9601531028747559, 0.9448407888412476, 0.9643292427062988, 0.9524969458580017, 0.953192949295044, 0.962067186832428, 0.970245361328125, 0.9528449773788452, 0.9653732180595398, 0.9725074172019958, 0.9700713157653809, 0.9523229598999023, 0.9643292427062988, 0.9705933332443237, 0.9742474555969238], "loss": [3.0151243209838867, 1.3387782573699951, 0.8786556720733643, 0.6780220866203308, 0.5462183952331543, 0.5028015375137329, 0.4235071837902069, 0.36555588245391846, 0.3269316554069519, 0.28893375396728516, 0.30826157331466675, 0.31945767998695374, 0.28689655661582947, 0.21299433708190918, 0.24745389819145203, 0.22642993927001953, 0.157161146402359, 0.19060774147510529, 0.15047216415405273, 0.15735593438148499, 0.20240385830402374, 0.20534078776836395, 0.12907609343528748, 0.12297415733337402, 0.2064288854598999, 0.13672395050525665, 0.17982858419418335, 0.1292271465063095, 0.16485674679279327, 0.15298621356487274, 0.1342407613992691, 0.1068519875407219, 0.1571919023990631, 0.1310199499130249, 0.09930907189846039, 0.10833805799484253, 0.16904141008853912, 0.13072875142097473, 0.10492787510156631, 0.09825073182582855], "val_accuracy": [0.49359604716300964, 0.6768472790718079, 0.7891625761985779, 0.8679803013801575, 0.8650246262550354, 0.9103448390960693, 0.9290640354156494, 0.9408866763114929, 0.9330049157142639, 0.9172413945198059, 0.931034505367279, 0.9231526851654053, 0.943842351436615, 0.9527093768119812, 0.9458128213882446, 0.9635468125343323, 0.9625615477561951, 0.9507389068603516, 0.9507389068603516, 0.9507389068603516, 0.9270936250686646, 0.9625615477561951, 0.9645320177078247, 0.9536945819854736, 0.9261083602905273, 0.9527093768119812, 0.9586206674575806, 0.9536945819854736, 0.9349753856658936, 0.9605911374092102, 0.9674876928329468, 0.9527093768119812, 0.9635468125343323, 0.9694581031799316, 0.9733990430831909, 0.9704433679580688, 0.9566502571105957, 0.9615763425827026, 0.9694581031799316, 0.9635468125343323], "val_loss": [1.6536636352539062, 1.0681698322296143, 0.7139649391174316, 0.45953047275543213, 0.4557962417602539, 0.3512187600135803, 0.262448251247406, 0.2440381795167923, 0.2796507775783539, 0.2696070671081543, 0.23546522855758667, 0.3059467375278473, 0.198684424161911, 0.18611033260822296, 0.21948935091495514, 0.1563768982887268, 0.17123734951019287, 0.17557096481323242, 0.16770553588867188, 0.23349446058273315, 0.26229608058929443, 0.15088969469070435, 0.12501879036426544, 0.1707003265619278, 0.25684067606925964, 0.18416735529899597, 0.1600654572248459, 0.17706947028636932, 0.21202296018600464, 0.1669907420873642, 0.1403331607580185, 0.18931104242801666, 0.1495463252067566, 0.12937471270561218, 0.09770889580249786, 0.13142770528793335, 0.15840479731559753, 0.14123296737670898, 0.12895441055297852, 0.14969563484191895]}